{"Fid":"f07iaiVeSRqnST3L9pdULg","Status":3,"AuthToken":"eyJhbGciOiJFUzI1NiIsInR5cCI6IkpXVCJ9.eyJhcHBJZCI6IjE6NjIxODQ0OTE3MDQzOmFuZHJvaWQ6NzQyNGI5ZmRmZjRmMzkyNzM4ZWM0NiIsImV4cCI6MTYzMzQwMDQyNSwiZmlkIjoiZjA3aWFpVmVTUnFuU1QzTDlwZFVMZyIsInByb2plY3ROdW1iZXIiOjYyMTg0NDkxNzA0M30.AB2LPV8wRQIgWtzMSXwQOTN9k3Cc37qRl_hQYk_0n34W6kY1YLQ8CV4CIQDeJhWGdnZg2zPUtOxBJE-zTi-gRAfAwD6FqitjD7FvMg","RefreshToken":"2_elMCVyvMVqPue76rwGDhwSQWCeKTKVeHdVPuFH71TgfSQsRZD9qgmYK_eWTyJlqj","TokenCreationEpochInSecs":1632795625,"ExpiresInSecs":604800}